RANK,NAME,LOCATION
1,Princeton University,"Princeton, NJ"
2,University of Michigan--Ann Arbor,"Ann Arbor, MI"
3,Harvard University,"Cambridge, MA"
4,Rice University,"Houston, TX"
5,University of California--Berkeley,"Berkeley, CA"
5,Brigham Young University--Provo,"Provo, UT"
7,Amherst College,"Amherst, MA"
8,Cooper Union for the Advancement of Science and Art,"New York, NY"
9,University of Virginia,"Charlottesville, VA"
10,Stanford University,"Stanford, CA"
11,Massachusetts Institute of Technology,"Cambridge, MA"
12,Yale University,"New Haven, CT"
13,Texas A&M University--College Station,"College Station, TX"
14,University of California-San Diego,"La Jolla, CA"
15,University of Florida,"Gainesville, FL"
16,University of California--Irvine,"Irvine, CA"
17,University of California--Davis,"Davis, CA"
18,Virginia Tech,"Blacksburg, VA"
19,University of Maryland--College Park,"College Park, MD"
20,University of California--Los Angeles,"Los Angeles, CA"
21,Clemson University,"Clemson, SC"
22,University of Illinois--Urbana--Champaign,"Champaign, IL"
22,Pomona College,"Claremont, CA"
24,California Institute of Technology,"Pasadena, CA"
25,Saint Johns University,"Collegeville, MN"
26,University of Pennsylvania,"Philadelphia, PA"
27,Vanderbilt University,"Nashville, TN"
28,Earlham College,"Richmond, IN"
29,Washington and Lee University,"Lexington, VA"
30,University of Washington,"Seattle, WA"
31,Brown University,"Providence, RI"
31,University of Notre Dame,"Notre Dame, IN"
33,Dartmouth College,"Hanover, NH"
34,Wellesley College,"Wellesley, MA"
35,Georgia Institute of Technology,"Atlanta, GA"
36,College of William and Mary,"Williamsburg, VA"
37,Washington State University,"Pullman, WA"
38,University of Connecticut,"Storrs, CT"
39,Duke University,"Durham, NC"
40,Hamilton College,"Clinton, NY"
41,University of California--Santa Cruz,"Santa Cruz, CA"
42,Virginia Military Institute,"Lexington, VA"
43,Massachusetts Maritime Academy,"Buzzards Bay, MA"
43,Bowdoin College,"Brunswick, ME"
45,University of North Carolina--Chapel Hill,"Chapel Hill, NC"
46,Davidson College,"Davidson, NC"
47,College of Saint Benedict,"Saint Joseph, MN"
48,Middlebury College,"Middlebury, VT"
49,Williams College,"Williamstown, MA"
50,University of Texas--Austin,"Austin, TX"
51,Purdue University--West Lafayette,"West Lafayette, IN"
52,Columbia University in the City of New York,"New York, NY"
52,St Mary's University,"San Antonio, TX"
54,University of Delaware,"Newark, DE"
54,Michigan State University,"East Lansing, MI"
56,University of Georgia,"Athens, GA"
56,University of Illinois--Chicago,"Chicago, IL"
58,University of Minnesota--Twin Cities,"Minneapolis, MN"
59,Colgate University,"Hamilton, NY"
60,University of North Carolina School of the Arts,"Winston-Salem, NC"
61,Bates College,"Lewiston, ME"
62,Maine Maritime Academy,"Castine, ME"
63,University of Wisconsin--Madison,"Madison, WI"
64,Cornell University,"Ithaca, NY"
65,Vassar College,"Poughkeepsie, NY"
65,College of the Holy Cross,"Worcester, MA"
67,DePauw University,"Greencastle, IN"
68,Wesleyan University,"Middletown, CT"
69,Lafayette College,"Easton, PA"
70,Northwestern University,"Evanston, IL"
71,Claremont McKenna College,"Claremont, CA"
72,Siena College,"Loudonville, NY"
72,Bentley University,"Waltham, MA"
74,Gustavus Adolphus College,"Saint Peter, MN"
75,Wheaton College,"Wheaton, IL"
75,Colby College,"Waterville, ME"
77,Indiana University--Bloomington,"Bloomington, IN"
78,Saint Vincent College,"Latrobe, PA"
79,Harvey Mudd College,"Claremont, CA"
79,University of Vermont,"Burlington, VT"
81,Johns Hopkins University,"Baltimore, MD"
82,Bethel University,"Saint Paul, MN"
83,University of Chicago,"Chicago, IL"
84,Georgetown University,"Washington, DC"
84,Molloy College,"Rockville Centre, NY"
86,Citadel Military College of South Carolina,"Charleston, SC"
87,Washington University in St Louis,"Saint Louis, MO"
87,Muhlenberg College,"Allentown, PA"
89,Tufts University,"Medford, MA"
90,Michigan Technological University,"Houghton, MI"
91,University of Texas--Dallas,"Richardson, TX"
92,University of California--Santa Barbara,"Santa Barbara, CA"
92,Wake Forest University,"Winston Salem, NC"
94,College of New Jersey,"Ewing, NJ"
95,Martin Luther College,"New Ulm, MN"
95,St. Lawrence University,"Canton, NY"
95,California State University-.Chico,"Chico, CA"
98,Union College-.Schenectady,"Schenectady, NY"
99,University of Rochester,"Rochester, NY"
100,Swarthmore College,"Swarthmore, PA"
100,McDaniel College,"Westminster, MD"
100,University of Wisconsin--Eau Claire,"Eau Claire, WI"
103,Lehigh University,"Bethlehem, PA"
104,Trinity College,"Hartford, CT"
105,"Rutgers, The State University of New Jersey--New Brunswick","New Brunswick, NJ"
106,California State University--Fresno,"Fresno, CA"
106,University of Utah,"Salt Lake City, UT"
108,Stevens Institute of Technology,"Hoboken, NJ"
109,University of New Hampshire--Durham,"Durham, NH"
109,Westfield State University,"Westfield, MA"
109,Babson College,"Wellesley, MA"
112,James Madison University,"Harrisonburg, VA"
113,Binghamton University--SUNY,"Vestal, NY"
114,University of Richmond,"University of Richmond, VA"
114,Western Washington University,"Bellingham, WA"
114,Lawrence University,"Appleton, WI"
114,Gettysburg College,"Gettysburg, PA"
114,Gonzaga University,"Spokane, WA"
119,Missouri University of Science and Technology,"Rolla, MO"
120,Elmhurst College,"Elmhurst, IL"
121,Wofford College,"Spartanburg, SC"
122,SUNY College--Brockport,"Brockport, NY"
123,Wabash College,"Crawfordsville, IN"
123,Berea College,"Berea, KY"
125,Manhattan College,"Riverdale, NY"
125,Stony Brook University--SUNY,"Stony Brook, NY"
125,Southern Nazarene University,"Bethany, OK"
128,North Carolina State University--Raleigh,"Raleigh, NC"
129,Juniata College,"Huntingdon, PA"
130,Ohio State University--Columbus,"Columbus, OH"
131,California Polytechnic State University--San Luis Obispo,"San Luis Obispo, CA"
132,Iowa State University,"Ames, IA"
132,St. Olaf College,"Northfield, MN"
134,Providence College,"Providence, RI"
135,Niagara University,"Niagara University, NY"
136,Stonehill College,"Easton, MA"
137,Mount Mercy University,"Cedar Rapids, IA"
137,Clarkson University,"Potsdam, NY"
139,Colorado School of Mines,"Golden, CO"
140,Saint Francis University,"Loretto, PA"
140,Denison University,"Granville, OH"
142,Worcester Polytechnic Institute,"Worcester, MA"
142,University of California--Riverside,"Riverside, CA"
144,Barnard College,"New York, NY"
145,Wayne State College,"Wayne, NE"
146,Mount Holyoke College,"South Hadley, MA"
147,Messiah College,"Mechanicsburg, PA"
147,Emory University,"Atlanta, GA"
149,California State Polytechnic University--Pomona,"Pomona, CA"
150,Boston College,"Chestnut Hill, MA"
150,University at Buffalo--SUNY,"Buffalo, NY"
152,Kenyon College,"Gambier, OH"
152,Bucknell University,"Lewisburg, PA"
154,Arizona State University,"Tempe, AZ"
155,University of Southern California,"Los Angeles, CA"
156,Grinnell College,"Grinnell, IA"
157,Villanova University,"Villanova, PA"
157,Northwest University,"Kirkland, WA"
159,Colorado College,"Colorado Springs, CO"
160,Loyola University Maryland,"Baltimore, MD"
160,Cedar Crest College,"Allentown, PA"
162,College of Our Lady of the Elms,"Chicopee, MA"
163,Mount Saint Mary's University,"Los Angeles, CA"
163,Trinity University,"San Antonio, TX"
165,Fresno Pacific University,"Fresno, CA"
165,Franklin and Marshall College,"Lancaster, PA"
167,University at Albany--SUNY,"Albany, NY"
168,University of Wyoming,"Laramie, WY"
169,Carnegie Mellon University,"Pittsburgh, PA"
169,Bloomsburg University of Pennsylvania,"Bloomsburg, PA"
171,La Salle University,"Philadelphia, PA"
172,University of Montana--Western,"Dillon, MT"
173,University of Portland,"Portland, OR"
173,Case Western Reserve University,"Cleveland, OH"
175,Hobart & William Smith Colleges,"Geneva, NY"
175,Mills College,"Oakland, CA"
177,SUNY College of Environmental Science and Forestry,"Syracuse, NY"
178,California Maritime Academy,"Vallejo, CA"
178,Albertus Magnus College,"New Haven, CT"
178,New Jersey Institute of Technology,"Newark, NJ"
181,Hope College,"Holland, MI"
182,Kalamazoo College,"Kalamazoo, MI"
182,Bradley University,"Peoria, IL"
182,University of Wisconsin--Platteville,"Platteville, WI"
185,University of Maine,"Orono, ME"
185,Fairfield University,"Fairfield, CT"
187,Santa Clara University,"Santa Clara, CA"
188,CUNY Bernard M Baruch College,"New York, NY"
188,George Mason University,"Fairfax, VA"
190,Utah State University,"Logan, UT"
190,University of Arizona,"Tucson, AZ"
190,North Carolina A&T State University,"Greensboro, NC"
193,Assumption College,"Worcester, MA"
193,University of St. Thomas,"Saint Paul, MN"
195,Southwestern University,"Georgetown, TX"
195,St Mary's College of Maryland,"St. Mary's City, MD"
197,Florida State University,"Tallahassee, FL"
198,University of Iowa,"Iowa City, IA"
198,University of Idaho,"Moscow, ID"
198,University of Nebraska--Kearney,"Kearney, NE"
201,Edgewood College,"Madison, WI"
201,Skidmore College,"Saratoga Springs, NY"
203,Saint Anselm College,"Manchester, NH"
203,Saint Mary's College,"Notre Dame, IN"
205,Dordt College,"Sioux Center, IA"
206,Westminster College--New Wilmington,"New Wilmington, PA"
206,Auburn University,"Auburn University, AL"
208,Furman University,"Greenville, SC"
209,Texas Tech University,"Lubbock, TX"
209,Pepperdine University,"Malibu, CA"
211,University of Massachusetts--Amherst,"Amherst, MA"
211,University of Evansville,"Evansville, IN"
213,Marquette University,"Milwaukee, WI"
213,Beloit College,"Beloit, WI"
215,Macalester College,"Saint Paul, MN"
216,Carleton College,"Northfield, MN"
217,Moravian College and Moravian Theological Seminary,"Bethlehem, PA"
218,San Jose State University,"San Jose, CA"
218,Nebraska Wesleyan University,"Lincoln, NE"
220,Pennsylvania State University--University Park,"University Park, PA"
221,Rockhurst University,"Kansas City, MO"
221,Linfield College--McMinnville,"McMinnville, OR"
223,University of Redlands,"Redlands, CA"
224,Lewis University,"Romeoville, IL"
224,University of Wisconsin-Stevens Point,"Stevens Point, WI"
224,Calvin College,"Grand Rapids, MI"
224,North Dakota State University,"Fargo, ND"
228,Valparaiso University,"Valparaiso, IN"
228,Tennessee State University,"Nashville, TN"
228,Cedarville University,"Cedarville, OH"
231,Appalachian State University,"Boone, NC"
232,University of Minnesota--Morris,"Morris, MN"
232,Oregon State University,"Corvallis, OR"
234,Aurora University,"Aurora, IL"
235,Louisiana Tech University,"Ruston, LA"
235,Clark University,"Worcester, MA"
235,Illinois Institute of Technology,"Chicago, IL"
238,Ramapo College of New Jersey,"Mahwah, NJ"
238,Hamline University,"Saint Paul, MN"
240,Hanover College,"Hanover, IN"
241,Goshen College,"Goshen, IN"
242,Towson University,"Towson, MD"
243,Brandeis University,"Waltham, MA"
243,Illinois Wesleyan University,"Bloomington, IL"
243,Art Center College of Design,"Pasadena, CA"
246,San Diego State University,"San Diego, CA"
246,University of Oklahoma--Norman,"Norman, OK"
248,University of Dallas,"Irving, TX"
249,Gordon College,"Wenham, MA"
250,Haverford College,"Haverford, PA"
250,Colorado State University--Fort Collins,"Fort Collins, CO"
252,University of Mary Washington,"Fredericksburg, VA"
253,Knox College,"Galesburg, IL"
253,Franciscan University of Steubenville,"Steubenville, OH"
255,Occidental College,"Los Angeles, CA"
256,Whitworth University,"Spokane, WA"
257,University of Houston,"Houston, TX"
258,Reed College,"Portland, OR"
258,Wells College,"Aurora, NY"
260,Houghton College,"Houghton, NY"
261,Lewis & Clark College,"Portland, OR"
261,Oklahoma State University,"Stillwater, OK"
263,Westmont College,"Santa Barbara, CA"
264,Gallaudet University,"Washington, DC"
265,Tennessee Technological University,"Cookeville, TN"
265,Oberlin College,"Oberlin, OH"
267,University of Maryland--Baltimore County,"Baltimore, MD"
268,Rensselaer Polytechnic Institute,"Troy, NY"
268,Smith College,"Northampton, MA"
268,University of Pittsburgh--Pittsburgh,"Pittsburgh, PA"
268,University of Maine--Presque Isle,"Presque Isle, ME"
272,Bryant University,"Smithfield, RI"
272,Illinois College,"Jacksonville, IL"
274,Bethel College--Indiana,"Mishawaka, IN"
274,Centre College,"Danville, KY"
274,Mississippi State University,"Mississippi State, MS"
274,Seattle Pacific University,"Seattle, WA"
278,Simmons College,"Boston, MA"
278,Ursinus College,"Collegeville, PA"
280,Augsburg College,"Minneapolis, MN"
280,John Carroll University,"University Heights, OH"
282,Lake Forest College,"Lake Forest, IL"
282,National University,"La Jolla, CA"
284,Illinois State University,"Normal, IL"
284,Evergreen State College,"Olympia, WA"
284,Drake University,"Des Moines, IA"
287,University of Tennessee--Knoxville,"Knoxville, TN"
287,SUNY--Fredonia,"Fredonia, NY"
287,Minnesota State University--Mankato,"Mankato, MN"
287,SUNY College--Geneseo,"Geneseo, NY"
291,University of Scranton,"Scranton, PA"
291,Waynesburg University,"Waynesburg, PA"
291,Le Moyne College,"Syracuse, NY"
294,Ripon College,"Ripon, WI"
294,Syracuse University,"Syracuse, NY"
296,Simpson College,"Indianola, IA"
296,Montclair State University,"Montclair, NJ"
296,Seattle University,"Seattle, WA"
299,College of the Ozarks,"Point Lookout, MO"
299,Saint Michael's College,"Colchester, VT"
299,Agnes Scott College,"Decatur, GA"
302,Albion College,"Albion, MI"
303,Temple University,"Philadelphia, PA"
304,Slippery Rock University of Pennsylvania,"Slippery Rock, PA"
304,South Dakota School of Mines and Technology,"Rapid City, SD"
306,Augustana College--Sioux Falls,"Sioux Falls, SD"
306,Northeastern University,"Boston, MA"
306,University of Wisconsin--La Crosse,"La Crosse, WI"
306,New York University,"New York, NY"
306,Gannon University,"Erie, PA"
311,Butler University,"Indianapolis, IN"
312,Sewanee--The University of the South,"Sewanee, TN"
313,Pacific Lutheran University,"Tacoma, WA"
313,Susquehanna University,"Selinsgrove, PA"
315,Presbyterian College,"Clinton, SC"
316,University of South Carolina--Columbia,"Columbia, SC"
316,Creighton University,"Omaha, NE"
316,CUNY College of Staten Island,"Staten Island, NY"
316,Miami University--Oxford,"Oxford, OH"
316,Wisconsin Lutheran College,"Milwaukee, WI"
321,Pitzer College,"Claremont, CA"
322,Saint Peter's University,"Jersey City, NJ"
323,Taylor University,"Upland, IN"
324,DeSales University,"Center Valley, PA"
325,Roberts Wesleyan College,"Rochester, NY"
325,Duquesne University,"Pittsburgh, PA"
325,University of Colorado--Boulder,"Boulder, CO"
328,Carroll College,"Helena, MT"
329,California State University--Stanislaus,"Turlock, CA"
330,California State University--Long Beach,"Long Beach, CA"
330,Kansas State University,"Manhattan, KS"
332,Mercer University,"Macon, GA"
332,Marian University--Fond Du Lac,"Fond Du Lac, WI"
334,University of Kansas,"Lawrence, KS"
334,Saint Norbert College,"De Pere, WI"
336,College of Mount Saint Vincent,"Bronx, NY"
336,Southern Connecticut State University,"New Haven, CT"
336,Truman State University,"Kirksville, MO"
336,University of Northern Iowa,"Cedar Falls, IA"
336,Salem College,"Winston Salem, NC"
341,Huntington University,"Huntington, IN"
342,University of Maine--Farmington,"Farmington, ME"
343,Spelman College,"Atlanta, GA"
343,SUNY College--Oneonta,"Oneonta, NY"
345,SUNY--New Paltz,"New Paltz, NY"
345,Dickinson College,"Carlisle, PA"
345,Salve Regina University,"Newport, RI"
345,Clarke University,"Dubuque, IA"
349,Louisiana State University and Agricultural & Mechanical College,"Baton Rouge, LA"
350,Austin College,"Sherman, TX"
351,Eastern Illinois University,"Charleston, IL"
351,Seton Hall University,"South Orange, NJ"
353,University of Massachusetts--Lowell,"Lowell, MA"
353,Concordia College--Moorhead,"Moorhead, MN"
353,Luther College,"Decorah, IA"
356,Keene State College,"Keene, NH"
356,University of South Florida,"Tampa, FL"
356,Lebanon Valley College,"Annville, PA"
359,University of San Francisco,"San Francisco, CA"
359,Monmouth University,"West Long Branch, NJ"
361,Saint Joseph's College of Maine,"Standish, ME"
361,Saint Joseph's University,"Philadelphia, PA"
363,East Carolina University,"Greenville, NC"
364,University of North Dakota,"Grand Forks, ND"
364,University of Nebraska--Lincoln,"Lincoln, NE"
366,Misericordia University,"Dallas, PA"
367,Bay Path College,"Longmeadow, MA"
367,Morehouse College,"Atlanta, GA"
369,San Francisco State University,"San Francisco, CA"
369,Montana State University,"Bozeman, MT"
371,Wheaton College-Norton,"Norton, MA"
372,Bellarmine University,"Louisville, KY"
372,Sonoma State University,"Rohnert Park, CA"
372,Western Michigan University,"Kalamazoo, MI"
375,South Carolina State University,"Orangeburg, SC"
376,Loras College,"Dubuque, IA"
376,George Washington University,"Washington, DC"
378,Mount Saint Mary College,"Newburgh, NY"
379,University of North Carolina--Charlotte,"Charlotte, NC"
380,Loyola Marymount University,"Los Angeles, CA"
380,DePaul University,"Chicago, IL"
380,Saint Mary's University of Minnesota,"Winona, MN"
380,SUNY College--Plattsburgh,"Plattsburgh, NY"
384,Merrimack College,"North Andover, MA"
385,George Fox University,"Newberg, OR"
386,Neumann University,"Aston, PA"
387,Washington & Jefferson College,"Washington, PA"
388,University of Rhode Island,"Kingston, RI"
389,University of Dayton,"Dayton, OH"
389,Central College,"Pella, IA"
389,College of Saint Scholastica,"Duluth, MN"
392,California State University--San Bernardino,"San Bernardino, CA"
392,Connecticut College,"New London, CT"
392,Washington College,"Chestertown, MD"
392,Bryn Mawr College,"Bryn Mawr, PA"
396,University of Hawaii--Manoa,"Honolulu, HI"
396,Coe College,"Cedar Rapids, IA"
398,Whitman College,"Walla Walla, WA"
399,University of Mount Olive,"Mount Olive, NC"
399,University of North Carolina--Asheville,"Asheville, NC"
401,Rose-Hulman Institute of Technology,"Terre Haute, IN"
401,Saint John Fisher College,"Rochester, NY"
401,Massachusetts College of Liberal Arts,"North Adams, MA"
404,Scripps College,"Claremont, CA"
404,SUNY--Cortland,"Cortland, NY"
406,Richard Stockton College of New Jersey,"Galloway, NJ"
406,University of Illinois--Springfield,"Springfield, IL"
408,Allegheny College,"Meadville, PA"
408,CUNY--Hunter College,"New York, NY"
408,University of Central Florida,"Orlando, FL"
408,Nazareth College,"Rochester, NY"
412,Willamette University,"Salem, OR"
413,Graceland University--Lamoni,"Lamoni, IA"
413,Sam Houston State University,"Huntsville, TX"
413,Central Washington University,"Ellensburg, WA"
416,University of Kentucky,"Lexington, KY"
416,University of North Carolina--Wilmington,"Wilmington, NC"
416,Wheeling Jesuit University,"Wheeling, WV"
416,South Dakota State University,"Brookings, SD"
420,Longwood University,"Farmville, VA"
420,Quinnipiac University,"Hamden, CT"
422,University of Denver,"Denver, CO"
422,Westminster College--Salt Lake City,"Salt Lake City, UT"
424,Western Illinois University,"Macomb, IL"
425,Transylvania University,"Lexington, KY"
426,SUNY College of Technology--Alfred,"Alfred, NY"
426,University of Missouri--Columbia,"Columbia, MO"
428,University of Wisconsin--Stout,"Menomonie, WI"
428,Winona State University,"Winona, MN"
428,Canisius College,"Buffalo, NY"
431,St. Bonaventure University,"Saint Bonaventure, NY"
432,Monmouth College,"Monmouth, IL"
433,Alma College,"Alma, MI"
434,St. Francis College,"Brooklyn Heights, NY"
435,Rhodes College,"Memphis, TN"
435,Salisbury University,"Salisbury, MD"
435,Marietta College,"Marietta, OH"
435,Grand Valley State University,"Allendale, MI"
439,Millikin University,"Decatur, IL"
439,Holy Names University,"Oakland, CA"
441,Adelphi University,"Garden City, NY"
441,Texas State University--San Marcos,"San Marcos, TX"
443,West Virginia University,"Morgantown, WV"
443,Wentworth Institute of Technology,"Boston, MA"
445,Elon University,"Elon, NC"
445,University of Wisconsin--River Falls,"River Falls, WI"
445,College of Idaho,"Caldwell, ID"
445,CUNY--Queens College,"Flushing, NY"
445,Rollins College,"Winter Park, FL"
450,Baldwin Wallace University,"Berea, OH"
451,Ithaca College,"Ithaca, NY"
452,Southern Methodist University,"Dallas, TX"
452,California Lutheran University,"Thousand Oaks, CA"
454,Catholic University of America,"Washington, DC"
454,Otis College of Art and Design,"Los Angeles, CA"
454,University of the Pacific,"Stockton, CA"
454,Piedmont College,"Demorest, GA"
458,Samford University,"Birmingham, AL"
459,University of Wisconsin--Oshkosh,"Oshkosh, WI"
460,Point Loma Nazarene University,"San Diego, CA"
460,Radford University,"Radford, VA"
462,Boston University,"Boston, MA"
463,California State University--Fullerton,"Fullerton, CA"
464,University of South Dakota,"Vermillion, SD"
464,University of Alabama--Birmingham,"Birmingham, AL"
466,Ball State University,"Muncie, IN"
466,Bluefield College,"Bluefield, VA"
468,Ohio Northern University,"Ada, OH"
469,The College of Wooster,"Wooster, OH"
469,University of Arkansas,"Fayetteville, AR"
469,Eastern Mennonite University,"Harrisonburg, VA"
472,Fitchburg State University,"Fitchburg, MA"
472,Saint Edward's University,"Austin, TX"
472,West Chester University of Pennsylvania,"West Chester, PA"
475,Concordia University-Seward,"Seward, NE"
476,Central Connecticut State University,"New Britain, CT"
477,Texas A&M University--Commerce,"Commerce, TX"
478,CUNY--Brooklyn College,"Brooklyn, NY"
479,Millersville University of Pennsylvania,"Millersville, PA"
479,Rochester Institute of Technology,"Rochester, NY"
481,Pittsburg State University,"Pittsburg, KS"
481,Drexel University,"Philadelphia, PA"
483,Dominican University,"River Forest, IL"
483,Biola University,"La Mirada, CA"
483,Wartburg College,"Waverly, IA"
486,University of San Diego,"San Diego, CA"
486,Massachusetts College of Art and Design,"Boston, MA"
488,Harding University,"Searcy, AR"
488,University of Wisconsin--Whitewater,"Whitewater, WI"
490,Marist College,"Poughkeepsie, NY"
491,University of Miami,"Coral Gables, FL"
492,Old Dominion University,"Norfolk, VA"
492,Rowan University,"Glassboro, NJ"
492,Xavier University,"Cincinnati, OH"
492,California State University--San Marcos,"San Marcos, CA"
496,Azusa Pacific University,"Azusa, CA"
496,Saint Xavier University,"Chicago, IL"
496,St Catherine University,"Saint Paul, MN"
499,Pace University--New York,"New York, NY"
500,Texas Christian University,"Fort Worth, TX"
500,Carlow University,"Pittsburgh, PA"
502,Saint Marys College of California,"Moraga, CA"
502,American University,"Washington, DC"
504,University of Oregon,"Eugene, OR"
505,Geneva College,"Beaver Falls, PA"
505,University of Central Missouri,"Warrensburg, MO"
507,Rider University,"Lawrenceville, NJ"
508,Wagner College,"Staten Island, NY"
508,Franklin College--Franklin,"Franklin, IN"
510,William Jewell College,"Liberty, MO"
511,Shippensburg University of Pennsylvania,"Shippensburg, PA"
511,Dominican University of California,"San Rafael, CA"
513,University of North Carolina--Greensboro,"Greensboro, NC"
514,Hampshire College,"Amherst, MA"
514,Bridgewater State University,"Bridgewater, MA"
514,Northwestern College--Orange City,"Orange City, IA"
514,University of Tulsa,"Tulsa, OK"
514,Hampden-Sydney College,"Hampden-Sydney, VA"
519,Western Carolina University,"Cullowhee, NC"
519,Lakeland College,"Plymouth, WI"
521,Augustana College,"Rock Island, IL"
521,University of Louisiana--Lafayette,"Lafayette, LA"
523,Georgia College & State University,"Milledgeville, GA"
523,Hiram College,"Hiram, OH"
525,Hampton University,"Hampton, VA"
526,Northwestern College--Saint Paul,"Saint Paul, MN"
527,Simpson University,"Redding, CA"
527,Webster University,"Saint Louis, MO"
529,University of Mississippi,"University, MS"
529,SUNY--Oswego,"Oswego, NY"
529,Mount Vernon Nazarene University,"Mount Vernon, OH"
532,Western New England University,"Springfield, MA"
532,East Stroudsburg University of Pennsylvania,"East Stroudsburg, PA"
532,Lycoming College,"Williamsport, PA"
535,Holy Family University,"Philadelphia, PA"
535,Concordia University--Chicago,"River Forest, IL"
535,University of Louisville,"Louisville, KY"
538,Mayville State University,"Mayville, ND"
539,John Brown University,"Siloam Springs, AR"
539,Fordham University,"Bronx, NY"
541,Pacific University,"Forest Grove, OR"
542,Northern Illinois University,"Dekalb, IL"
542,Ohio University,"Athens, OH"
544,Notre Dame de Namur University,"Belmont, CA"
544,Southern Illinois University--Edwardsville,"Edwardsville, IL"
546,Winston-Salem State University,"Winston-Salem, NC"
546,Cornell College,"Mount Vernon, IA"
548,Hood College,"Frederick, MD"
548,Springfield College,"Springfield, MA"
550,Stevenson University,"Stevenson, MD"
551,University of Minnesota--Duluth,"Duluth, MN"
551,University of Puget Sound,"Tacoma, WA"
551,University of New England,"Biddeford, ME"
554,University of North Florida,"Jacksonville, FL"
555,Murray State University,"Murray, KY"
555,University of North Texas,"Denton, TX"
555,Lipscomb University,"Nashville, TN"
558,Loyola University Chicago,"Chicago, IL"
558,University of Montana,"Missoula, MT"
558,Caldwell College,"Caldwell, NJ"
561,La Sierra University,"Riverside, CA"
561,Northwest Missouri State University,"Maryville, MO"
561,Westminster College--Missouri,"Fulton, MO"
564,University of Michigan--Dearborn,"Dearborn, MI"
565,Master's College and Seminary,"Santa Clarita, CA"
565,Baylor University,"Waco, TX"
565,University of Mount Union,"Alliance, OH"
568,SUNY--Purchase College,"Purchase, NY"
568,Elizabethtown College,"Elizabethtown, PA"
570,Manhattanville College,"Purchase, NY"
571,SUNY--Potsdam,"Potsdam, NY"
572,Florida International University,"Miami, FL"
573,Vanguard University of Southern California,"Costa Mesa, CA"
573,Christopher Newport University,"Newport News, VA"
575,University of Wisconsin--Green Bay,"Green Bay, WI"
576,Nyack College,"Nyack, NY"
576,Rhode Island School of Design,"Providence, RI"
578,Hollins University,"Roanoke, VA"
579,Central Michigan University,"Mount Pleasant, MI"
580,Whittier College,"Whittier, CA"
581,Union University,"Jackson, TN"
581,North Central College,"Naperville, IL"
581,Toccoa Falls College,"Toccoa Falls, GA"
584,Benedictine College,"Atchison, KS"
585,Sarah Lawrence College,"Bronxville, NY"
585,Plymouth State University,"Plymouth, NH"
587,Grace College and Theological Seminary,"Winona Lake, IN"
587,Minneapolis College of Art and Design,"Minneapolis, MN"
589,Missouri State University--Springfield,"Springfield, MO"
589,University of La Verne,"La Verne, CA"
591,Immaculata University,"Immaculata, PA"
591,Robert Morris University Illinois,"Chicago, IL"
593,Emerson College,"Boston, MA"
593,Meredith College,"Raleigh, NC"
595,Indiana Wesleyan University,"Marion, IN"
595,Bowling Green State University,"Bowling Green, OH"
597,Concordia College--New York,"Bronxville, NY"
597,Hendrix College,"Conway, AR"
599,Bethune-Cookman University,"Daytona Beach, FL"
600,Ohio Wesleyan University,"Delaware, OH"
601,Tulane University,"New Orleans, LA"
601,University of Nevada--Reno,"Reno, NV"
603,Hofstra University,"Hempstead, NY"
604,Southwestern College,"Winfield, KS"
604,College of Charleston,"Charleston, SC"
606,Albany State University,"Albany, GA"
607,Centenary College,"Hackettstown, NJ"
608,Converse College,"Spartanburg, SC"
608,York College Pennsylvania,"York, PA"
610,University of Cincinnati,"Cincinnati, OH"
610,Worcester State University,"Worcester, MA"
610,Saint Louis University,"Saint Louis, MO"
613,Asbury University,"Wilmore, KY"
614,Mansfield University of Pennsylvania,"Mansfield, PA"
614,Maryville University of Saint Louis,"Saint Louis, MO"
616,University of West Florida,"Pensacola, FL"
616,Bluffton University,"Bluffton, OH"
618,Robert Morris University,"Moon Township, PA"
618,Carroll University,"Waukesha, WI"
620,California Institute of the Arts,"Valencia, CA"
621,Kean University,"Union, NJ"
622,Mercyhurst University,"Erie, PA"
622,Frostburg State University,"Frostburg, MD"
624,University of Southern Mississippi,"Hattiesburg, MS"
624,Queens University of Charlotte,"Charlotte, NC"
626,Le Moyne-Owen College,"Memphis, TN"
626,Wheelock College,"Boston, MA"
628,College of Saint Rose,"Albany, NY"
628,Mount Mary University,"Milwaukee, WI"
628,Millsaps College,"Jackson, MS"
631,Chapman University,"Orange, CA"
632,Anderson University,"Anderson, IN"
632,Bennington College,"Bennington, VT"
634,University of Saint Francis--Fort Wayne,"Fort Wayne, IN"
635,California Baptist University,"Riverside, CA"
635,Georgia Southern University,"Statesboro, GA"
635,Adrian College,"Adrian, MI"
638,Eckerd College,"Saint Petersburg, FL"
638,University of Missouri--Kansas City,"Kansas City, MO"
638,Virginia State University,"Petersburg, VA"
641,Pratt Institute,"Brooklyn, NY"
642,University of Alabama--Tuscaloosa,"Tuscaloosa, AL"
643,Indiana University of Pennsylvania,"Indiana, PA"
644,Northern Arizona University,"Flagstaff, AZ"
645,Endicott College,"Beverly, MA"
646,Bridgewater College,"Bridgewater, VA"
647,Martin Methodist College,"Pulaski, TN"
648,Drury University,"Springfield, MO"
649,Loyola University New Orleans,"New Orleans, LA"
650,Georgia State University,"Atlanta, GA"
650,California University of Pennsylvania,"California, PA"
652,Framingham State University,"Framingham, MA"
653,Concordia University--Wisconsin,"Mequon, WI"
653,Western Kentucky University,"Bowling Green, KY"
655,Cleveland Institute of Art,"Cleveland, OH"
656,Jackson State University,"Jackson, MS"
656,Berry College,"Mount Berry, GA"
658,Southeast Missouri State University,"Cape Girardeau, MO"
659,Goucher College,"Baltimore, MD"
660,Pennsylvania College of Technology,"Williamsport, PA"
661,Grand View University,"Des Moines, IA"
662,Eastern Connecticut State University,"Willimantic, CT"
663,Columbus College of Art and Design,"Columbus, OH"
664,College for Creative Studies,"Detroit, MI"
664,Roanoke College,"Salem, VA"
666,Philadelphia University,"Philadelphia, PA"
667,Northern Michigan University,"Marquette, MI"
668,Kutztown University of Pennsylvania,"Kutztown, PA"
669,William Paterson University of New Jersey,"Wayne, NJ"
670,University of the Arts,"Philadelphia, PA"
671,Virginia Commonwealth University,"Richmond, VA"
671,Clarion University of Pennsylvania,"Clarion, PA"
673,Emmanuel College--Boston,"Boston, MA"
674,Florida Southern College,"Lakeland, FL"
675,Stetson University,"DeLand, FL"
675,Belmont University,"Nashville, TN"
677,King's College,"Wilkes-Barre, PA"
678,Ringling College of Art and Design,"Sarasota, FL"
679,Point Park University,"Pittsburgh, PA"
679,Alcorn State University,"Alcorn State, MS"
681,Guilford College,"Greensboro, NC"
681,Maryland Institute College of Art,"Baltimore, MD"
683,Lasell College,"Newton, MA"
684,Seton Hill University,"Greensburg, PA"
685,Edinboro University of Pennsylvania,"Edinboro, PA"
685,SUNY College of Agriculture and Technology at Cobleskill,"Cobleskill, NY"
687,Roger Williams University,"Bristol, RI"
688,New School,"New York, NY"
689,Bennett College,"Greensboro, NC"
690,University of Dubuque,"Dubuque, IA"
691,Arizona Christian University,"Phoenix, AZ"
692,Arcadia University,"Glenside, PA"
693,University of Valley Forge,"Phoenixville, PA"
693,Carthage College,"Kenosha, WI"
695,Winthrop University,"Rock Hill, SC"
696,Lindsey Wilson College,"Columbia, KY"
697,Kent State University,"Kent, OH"
698,Hope International University,"Fullerton, CA"
699,University of Tampa,"Tampa, FL"
700,North Carolina Central University,"Durham, NC"
701,Claflin University,"Orangeburg, SC"
702,Savannah College of Art and Design,"Savannah, GA"
703,High Point University,"High Point, NC"
704,Oakwood University,"Huntsville, AL"
705,Miles College,"Fairfield, AL"
